title,author,score,comments,url
Sunday Daily Thread: What's everyone working on this week?,AutoModerator,9,8,https://www.reddit.com/r/Python/comments/1rnpjet/sunday_daily_thread_whats_everyone_working_on/
Saturday Daily Thread: Resource Request and Sharing! Daily Thread,AutoModerator,9,0,https://www.reddit.com/r/Python/comments/1rmuiud/saturday_daily_thread_resource_request_and/
Free ML Engineering roadmap for beginners,Rockykumarmahato,13,4,https://www.reddit.com/r/Python/comments/1rnwl05/free_ml_engineering_roadmap_for_beginners/
Libraries for handling subinterpreters?,expectationManager3,4,0,https://www.reddit.com/r/Python/comments/1ro1byq/libraries_for_handling_subinterpreters/
"I built nitro-pandas — a pandas-compatible library powered by Polars. Same syntax, up to 10x faster.",Correct_Elevator2041,90,40,https://www.reddit.com/r/Python/comments/1rncl03/i_built_nitropandas_a_pandascompatible_library/
pydantic-pick: Dynamically extract subset Pydantic V2 models while preserving validators and methods,StoneSteel_1,27,5,https://www.reddit.com/r/Python/comments/1rn9fm4/pydanticpick_dynamically_extract_subset_pydantic/
Can the mods do something about all these vibecoded slop projects?,No_Soy_Colosio,613,116,https://www.reddit.com/r/Python/comments/1rmloxc/can_the_mods_do_something_about_all_these/
pfst 0.3.0: High-level Python source manipulation,Pristine_Cat,11,4,https://www.reddit.com/r/Python/comments/1rnbffo/pfst_030_highlevel_python_source_manipulation/
Created a Color-palette extractor from image Python library,Ok-Emphasis4085,10,0,https://www.reddit.com/r/Python/comments/1rn7xyj/created_a_colorpalette_extractor_from_image/
FREE python lessons taught by Boston University students!,ComfortableWriter996,33,0,https://www.reddit.com/r/Python/comments/1rmyd0e/free_python_lessons_taught_by_boston_university/
Maturin added support for building android ABI compatible wheels using github actions,BasePlate_Admin,9,2,https://www.reddit.com/r/Python/comments/1rn6pmr/maturin_added_support_for_building_android_abi/
deskit: A Python library for Dynamic Ensemble Selection (DES),CybershotBs,1,0,https://www.reddit.com/r/Python/comments/1rnjwrh/deskit_a_python_library_for_dynamic_ensemble/
What is the real use case for Jupyter?,Technical-Fly-6835,139,125,https://www.reddit.com/r/Python/comments/1rmhvvr/what_is_the_real_use_case_for_jupyter/
"Can’t activate environment, folder structure is fine",Codeeveryday123,0,19,https://www.reddit.com/r/Python/comments/1rnsgas/cant_activate_environment_folder_structure_is_fine/
Extracting Principal from AWS IAM role trust policy using boto3,WallsUpForver,1,0,https://www.reddit.com/r/Python/comments/1rn8ofq/extracting_principal_from_aws_iam_role_trust/
CodeGraphContext - A Python tool for indexing codebases as graphs (1k⭐),Desperate-Ad-9679,0,2,https://www.reddit.com/r/Python/comments/1rnbgla/codegraphcontext_a_python_tool_for_indexing/
Why is there no standard for typing array dimensions?,superzappie,54,24,https://www.reddit.com/r/Python/comments/1rmc6xq/why_is_there_no_standard_for_typing_array/
AI-Parrot: An async-first framework for Orchestrating AI Agents using Cython and MCP,jelitox,0,7,https://www.reddit.com/r/Python/comments/1rnjf46/aiparrot_an_asyncfirst_framework_for/
ChaosRank – built a CLI tool in Python that ranks microservices by chaos experiment priority,Medinz0,3,1,https://www.reddit.com/r/Python/comments/1rmhw27/chaosrank_built_a_cli_tool_in_python_that_ranks/
"Considering ""context rot"" as a first-class idea, Is that overkill?",hack_the_developer,0,1,https://www.reddit.com/r/Python/comments/1rnbys0/considering_context_rot_as_a_firstclass_idea_is/
Dapper: a Python-native Debug Adapter Protocol implementation,jnsquire,6,2,https://www.reddit.com/r/Python/comments/1rmef76/dapper_a_pythonnative_debug_adapter_protocol/
"Spectra – local finance dashboard from bank exports, offline ML categorization",francescogab_,6,4,https://www.reddit.com/r/Python/comments/1rmbx06/spectra_local_finance_dashboard_from_bank_exports/
I'm building an event-processing framework and I need your thoughts,e1-m,7,5,https://www.reddit.com/r/Python/comments/1rmarm4/im_building_an_eventprocessing_framework_and_i/
Veltix v1.4.0 --- Automatic handshake + non-blocking callbacks,Striking_Sandwich_80,3,0,https://www.reddit.com/r/Python/comments/1rmc5x1/veltix_v140_automatic_handshake_nonblocking/
I built a tool to analyze trading behavior and simulate long-term portfolio performance,ExtensionTop2698,4,5,https://www.reddit.com/r/Python/comments/1rmafua/i_built_a_tool_to_analyze_trading_behavior_and/
